<?xml version="1.0" encoding="UTF-8">
<settings>

<!-- 
This settings.xml for remote:jboss.org-public incorporates the following stores from AProx:
  * remote:jboss.org-public
 -->
  <localRepository>/root/.m2/repository-remote-jboss.org-public</localRepository>
  <mirrors>
    <mirror>
      <mirrorOf>central</mirrorOf>
      <id>disabled-central</id>
      <url>http://not.used:99999/</url>
    </mirror>
  </mirrors>  <profiles>
    <profile>
      <id>aprox-repos</id>
      <repositories>
        <repository>
          <id>jboss.org-public</id>
          <url>https://repository.jboss.org/nexus/content/groups/public</url>
          <name>public group on Jboss.org Nexus repository</name>
          <releases>
            <enabled>true</enabled>
          </releases>
          <!-- TODO: Not sure how to detect this... -->
          <snapshots>
            <enabled>true</enabled>
          </snapshots>
        </repository>
      </repositories>
      <pluginRepositories>
        <pluginRepository>
          <id>jboss.org-public-plugins</id>
          <url>https://repository.jboss.org/nexus/content/groups/public</url>
          <name>public group on Jboss.org Nexus repository - PluginRepository</name>
          <releases>
            <enabled>true</enabled>
          </releases>
          <!-- TODO: Not sure how to detect this... -->
          <snapshots>
            <enabled>true</enabled>
          </snapshots>
        </pluginRepository>
      </pluginRepositories>
    </profile>
  </profiles>
  <activeProfiles>
    <activeProfile>aprox-repos</activeProfile>
  </activeProfiles>
</settings>
