<?xml version="1.0" encoding="UTF-8">
<settings>

<!-- 
This settings.xml for remote:pnc-bintray incorporates the following stores from AProx:
  * remote:pnc-bintray
 -->
  <localRepository>/root/.m2/repository-remote-pnc-bintray</localRepository>
  <mirrors>
    <mirror>
      <mirrorOf>central</mirrorOf>
      <id>disabled-central</id>
      <url>http://not.used:99999/</url>
    </mirror>
  </mirrors>  <profiles>
    <profile>
      <id>aprox-repos</id>
      <repositories>
        <repository>
          <id>pnc-bintray</id>
          <url>http://dl.bintray.com/rnc/maven</url>
          <name>holds forked versions of things for pnc app that we need for the demo</name>
          <releases>
            <enabled>true</enabled>
          </releases>
          <!-- TODO: Not sure how to detect this... -->
          <snapshots>
            <enabled>true</enabled>
          </snapshots>
        </repository>
      </repositories>
      <pluginRepositories>
        <pluginRepository>
          <id>pnc-bintray-plugins</id>
          <url>http://dl.bintray.com/rnc/maven</url>
          <name>holds forked versions of things for pnc app that we need for the demo - PluginRepository</name>
          <releases>
            <enabled>true</enabled>
          </releases>
          <!-- TODO: Not sure how to detect this... -->
          <snapshots>
            <enabled>true</enabled>
          </snapshots>
        </pluginRepository>
      </pluginRepositories>
    </profile>
  </profiles>
  <activeProfiles>
    <activeProfile>aprox-repos</activeProfile>
  </activeProfiles>
</settings>
